idx,x,z,floor,segment,visTerrain,headTerrain,visTerrainBarrier,headTerrainBarrier
0,4.054566343561484,-0.184992626397494,-1,0|2,3,True,0,False
1,4.054566343561484,7.393132373602506,-1,1|8,3,True,0,False
2,-3.9919816467759413,-0.07658699089396612,-1,0|6,4,True,0,False
3,-3.9919816467759413,7.501538009106034,-1,1|18,4,True,0,False
4,-4.054566343561484,0.184992626397494,-1,0|5,5,True,0,False
5,-4.054566343561484,7.763117626397494,-1,1|6,5,True,0,False
6,-3.9295713257253393,-0.03151660092582789,-1,0|5,5,True,0,False
7,-3.9295713257253393,7.546608399074172,-1,1|6,5,True,0,False
8,3.9295713257253393,0.03151660092582789,-1,0|2,7,True,0,False
9,3.804576307889194,0.2480258282491498,-1,0|2,11,True,0,False
10,3.67958129005305,0.46453505557247166,-1,0|2,13,True,0,False
11,3.554586272216905,0.6810442828957936,-1,0|2,15,True,0,False
12,3.4295912543807607,0.8975535102191153,-1,0|2,15,True,0,False
13,3.304596236544616,1.1140627375424375,-1,0|2,15,True,2,False
14,3.1796012187084717,1.3305719648657595,-1,0|2,15,True,5,True
15,3.054606200872327,1.5470811921890812,-1,0|2,15,True,11,True
16,2.929611183036182,1.763590419512403,-1,0|2,15,True,14,True
17,2.804616165200038,1.9800996468357248,-1,0|2,15,True,15,True
18,2.679621147363893,2.196608874159047,-1,0|2,15,True,15,True
19,2.5546261295277484,2.4131181014823686,-1,0|2,15,True,15,True
20,2.429631111691604,2.6296273288056904,-1,0|2,15,True,15,True
21,2.3046360938554593,2.8461365561290126,-1,0|2,15,True,15,True
22,2.1796410760193146,3.0626457834523344,-1,0|2,15,True,15,True
23,2.0546460581831703,3.279155010775656,-1,0|2,15,True,15,True
24,1.9296510403470255,3.495664238098978,-1,0|2,15,True,15,True
25,4.054566343561484,0.184992626397494,-1,0|3,5,True,0,False
26,3.9295713257253393,-0.03151660092582789,-1,0|3,5,True,0,False
27,3.804576307889194,-0.2480258282491498,-1,0|3,5,True,0,False
28,3.67958129005305,-0.46453505557247166,-1,0|3,5,True,0,False
29,3.554586272216905,-0.6810442828957936,-1,0|3,5,True,0,False
30,3.4295912543807607,-0.8975535102191153,-1,0|3,5,True,0,False
31,3.304596236544616,-1.1140627375424375,-1,0|3,5,True,0,False
32,3.1796012187084717,-1.3305719648657595,-1,0|3,5,True,0,False
33,3.054606200872327,-1.5470811921890812,-1,0|3,5,True,0,False
34,2.929611183036182,-1.763590419512403,-1,0|3,5,True,0,False
35,2.804616165200038,-1.9800996468357248,-1,0|3,5,True,0,False
36,2.679621147363893,-2.196608874159047,-1,0|3,5,True,0,False
37,2.5546261295277484,-2.4131181014823686,-1,0|3,5,True,0,False
38,2.429631111691604,-2.6296273288056904,-1,0|3,7,True,0,False
39,2.3046360938554593,-2.8461365561290126,-1,0|3,7,True,5,False
40,2.1796410760193146,-3.0626457834523344,-1,0|3,10,True,5,False
41,2.0546460581831703,-3.279155010775656,-1,0|3,10,True,10,True
42,1.9296510403470255,-3.495664238098978,-1,0|3,10,True,10,True
43,-3.804576307889194,-0.2480258282491498,-1,0|5,5,True,0,False
44,-3.67958129005305,-0.46453505557247166,-1,0|5,5,True,0,False
45,-3.554586272216905,-0.6810442828957936,-1,0|5,5,True,0,False
46,-3.4295912543807607,-0.8975535102191153,-1,0|5,5,True,0,False
47,-3.304596236544616,-1.1140627375424375,-1,0|5,5,True,0,False
48,-3.1796012187084717,-1.3305719648657595,-1,0|5,5,True,0,False
49,-3.054606200872327,-1.5470811921890812,-1,0|5,5,True,0,False
50,-2.929611183036182,-1.763590419512403,-1,0|5,5,True,0,False
51,-2.804616165200038,-1.9800996468357248,-1,0|5,5,True,0,False
52,-2.679621147363893,-2.196608874159047,-1,0|5,5,True,0,False
53,-2.5546261295277484,-2.4131181014823686,-1,0|5,5,True,0,False
54,-2.429631111691604,-2.6296273288056904,-1,0|5,7,True,0,False
55,-2.3046360938554593,-2.8461365561290126,-1,0|5,7,True,5,False
56,-2.1796410760193146,-3.0626457834523344,-1,0|5,10,True,5,False
57,-2.0546460581831703,-3.279155010775656,-1,0|5,10,True,10,True
58,-1.9296510403470255,-3.495664238098978,-1,0|5,10,True,10,True
59,-1.8670663435614836,3.604069873602506,-1,0|6,15,True,15,True
60,-1.9920613613976283,3.387560646279184,-1,0|6,15,True,15,True
61,-2.1170563792337727,3.1710514189558623,-1,0|6,15,True,15,True
62,-2.2420513970699174,2.95454219163254,-1,0|6,15,True,15,True
63,-2.367046414906062,2.7380329643092183,-1,0|6,15,True,15,True
64,-2.4920414327422065,2.5215237369858965,-1,0|6,15,True,15,True
65,-2.617036450578351,2.3050145096625743,-1,0|6,15,True,15,True
66,-2.7420314684144955,2.0885052823392525,-1,0|6,15,True,15,True
67,-2.8670264862506403,1.871996055015931,-1,0|6,15,True,15,True
68,-2.992021504086785,1.6554868276926091,-1,0|6,15,True,13,True
69,-3.1170165219229293,1.4389776003692873,-1,0|6,15,True,8,True
70,-3.242011539759074,1.2224683730459651,-1,0|6,15,True,4,True
71,-3.367006557595219,1.0059591457226433,-1,0|6,15,True,1,False
72,-3.492001575431363,0.7894499183993214,-1,0|6,15,True,0,False
73,-3.616996593267508,0.5729406910759992,-1,0|6,14,True,0,False
74,-3.7419916111036526,0.3564314637526774,-1,0|6,12,True,0,False
75,-3.866986628939797,0.13992223642935567,-1,0|6,8,True,0,False
76,4.054566343561484,7.763117626397494,-1,1|2,5,True,0,False
77,3.9295713257253393,7.546608399074172,-1,1|2,5,True,0,False
78,3.804576307889194,7.330099171750851,-1,1|2,5,True,0,False
79,3.67958129005305,7.113589944427528,-1,1|2,5,True,0,False
80,3.554586272216905,6.897080717104207,-1,1|2,5,True,0,False
81,3.4295912543807607,6.680571489780885,-1,1|2,5,True,0,False
82,3.304596236544616,6.4640622624575625,-1,1|2,5,True,0,False
83,3.1796012187084717,6.247553035134241,-1,1|2,5,True,0,False
84,3.054606200872327,6.031043807810919,-1,1|2,5,True,0,False
85,2.929611183036182,5.814534580487597,-1,1|2,5,True,0,False
86,2.804616165200038,5.598025353164275,-1,1|2,5,True,0,False
87,2.679621147363893,5.381516125840953,-1,1|2,5,True,0,False
88,2.5546261295277484,5.165006898517631,-1,1|2,5,True,0,False
89,2.429631111691604,4.94849767119431,-1,1|2,7,True,0,False
90,2.3046360938554593,4.731988443870987,-1,1|2,7,True,5,False
91,2.1796410760193146,4.515479216547665,-1,1|2,10,True,5,False
92,2.0546460581831703,4.298969989224344,-1,1|2,10,True,10,True
93,1.9296510403470255,4.082460761901022,-1,1|2,10,True,10,True
94,-3.804576307889194,7.330099171750851,-1,1|6,5,True,0,False
95,-3.67958129005305,7.113589944427528,-1,1|6,5,True,0,False
96,-3.554586272216905,6.897080717104207,-1,1|6,5,True,0,False
97,-3.4295912543807607,6.680571489780885,-1,1|6,5,True,0,False
98,-3.304596236544616,6.4640622624575625,-1,1|6,5,True,0,False
99,-3.1796012187084717,6.247553035134241,-1,1|6,5,True,0,False
100,-3.054606200872327,6.031043807810919,-1,1|6,5,True,0,False
101,-2.929611183036182,5.814534580487597,-1,1|6,5,True,0,False
102,-2.804616165200038,5.598025353164275,-1,1|6,5,True,0,False
103,-2.679621147363893,5.381516125840953,-1,1|6,5,True,0,False
104,-2.5546261295277484,5.165006898517631,-1,1|6,5,True,0,False
105,-2.429631111691604,4.94849767119431,-1,1|6,7,True,0,False
106,-2.3046360938554593,4.731988443870987,-1,1|6,7,True,5,False
107,-2.1796410760193146,4.515479216547665,-1,1|6,10,True,5,False
108,-2.0546460581831703,4.298969989224344,-1,1|6,10,True,10,True
109,-1.9296510403470255,4.082460761901022,-1,1|6,10,True,10,True
110,3.9295713257253393,7.609641600925828,-1,1|8,7,True,0,False
111,3.804576307889194,7.82615082824915,-1,1|8,11,True,0,False
112,3.67958129005305,8.042660055572473,-1,1|8,13,True,0,False
113,3.554586272216905,8.259169282895794,-1,1|8,15,True,0,False
114,3.4295912543807607,8.475678510219117,-1,1|8,15,True,0,False
115,3.304596236544616,8.692187737542438,-1,1|8,15,True,2,False
116,3.1796012187084717,8.90869696486576,-1,1|8,15,True,5,True
117,3.054606200872327,9.125206192189081,-1,1|8,15,True,11,True
118,2.929611183036182,9.341715419512404,-1,1|8,15,True,14,True
119,2.804616165200038,9.558224646835725,-1,1|8,15,True,15,True
120,2.679621147363893,9.774733874159049,-1,1|8,15,True,15,True
121,2.5546261295277484,9.99124310148237,-1,1|8,15,True,15,True
122,2.429631111691604,10.207752328805691,-1,1|8,15,True,15,True
123,2.3046360938554593,10.424261556129013,-1,1|8,15,True,15,True
124,2.1796410760193146,10.640770783452336,-1,1|8,15,True,15,True
125,2.0546460581831703,10.857280010775657,-1,1|8,15,True,10,True
126,1.9296510403470255,11.073789238098978,-1,1|8,14,True,14,True
127,-1.8670663435614836,11.182194873602507,-1,1|18,14,True,14,True
128,-1.9920613613976283,10.965685646279185,-1,1|18,14,True,10,True
129,-2.1170563792337727,10.749176418955862,-1,1|18,15,True,15,True
130,-2.2420513970699174,10.532667191632541,-1,1|18,15,True,15,True
131,-2.367046414906062,10.31615796430922,-1,1|18,15,True,15,True
132,-2.4920414327422065,10.099648736985896,-1,1|18,15,True,15,True
133,-2.617036450578351,9.883139509662575,-1,1|18,15,True,15,True
134,-2.7420314684144955,9.666630282339254,-1,1|18,15,True,15,True
135,-2.8670264862506403,9.450121055015932,-1,1|18,15,True,15,True
136,-2.992021504086785,9.23361182769261,-1,1|18,15,True,13,True
137,-3.1170165219229293,9.017102600369288,-1,1|18,15,True,8,True
138,-3.242011539759074,8.800593373045965,-1,1|18,15,True,4,True
139,-3.367006557595219,8.584084145722644,-1,1|18,15,True,1,False
140,-3.492001575431363,8.367574918399322,-1,1|18,15,True,0,False
141,-3.616996593267508,8.151065691076,-1,1|18,14,True,0,False
142,-3.7419916111036526,7.934556463752677,-1,1|18,12,True,0,False
143,-3.866986628939797,7.7180472364293555,-1,1|18,8,True,0,False
144,1.8670663435614836,-3.974055126397494,-1,3|4,15,True,15,True
145,1.9920613613976283,-4.190564353720816,-1,3|4,15,True,15,True
146,2.1170563792337727,-4.407073581044138,-1,3|4,15,True,15,True
147,2.2420513970699174,-4.62358280836746,-1,3|4,15,True,15,True
148,2.367046414906062,-4.840092035690781,-1,3|4,15,True,15,True
149,2.4920414327422065,-5.0566012630141035,-1,3|4,15,True,15,True
150,2.617036450578351,-5.273110490337426,-1,3|4,15,True,15,True
151,2.7420314684144955,-5.489619717660747,-1,3|4,15,True,15,True
152,2.8670264862506403,-5.706128944984069,-1,3|4,15,True,15,True
153,2.992021504086785,-5.9226381723073915,-1,3|4,15,True,13,True
154,3.1170165219229293,-6.139147399630713,-1,3|4,15,True,8,True
155,3.242011539759074,-6.355656626954035,-1,3|4,15,True,4,True
156,3.367006557595219,-6.572165854277357,-1,3|4,15,True,1,False
157,3.492001575431363,-6.788675081600679,-1,3|4,15,True,0,False
158,3.616996593267508,-7.005184308924001,-1,3|4,15,True,0,False
159,3.7419916111036526,-7.221693536247323,-1,3|4,15,True,0,False
160,3.866986628939797,-7.4382027635706445,-1,3|4,14,True,0,False
161,3.9919816467759413,-7.654711990893966,-1,3|4,11,True,0,False
162,-1.8670663435614836,-3.974055126397494,-1,4|5,15,True,15,True
163,-1.9920613613976283,-4.190564353720816,-1,4|5,15,True,15,True
164,-2.1170563792337727,-4.407073581044138,-1,4|5,15,True,15,True
165,-2.2420513970699174,-4.62358280836746,-1,4|5,15,True,15,True
166,-2.367046414906062,-4.840092035690781,-1,4|5,15,True,15,True
167,-2.4920414327422065,-5.0566012630141035,-1,4|5,15,True,15,True
168,-2.617036450578351,-5.273110490337426,-1,4|5,15,True,15,True
169,-2.7420314684144955,-5.489619717660747,-1,4|5,15,True,15,True
170,-2.8670264862506403,-5.706128944984069,-1,4|5,15,True,15,True
171,-2.992021504086785,-5.9226381723073915,-1,4|5,15,True,13,True
172,-3.1170165219229293,-6.139147399630713,-1,4|5,15,True,8,True
173,-3.242011539759074,-6.355656626954035,-1,4|5,15,True,4,True
174,-3.367006557595219,-6.572165854277357,-1,4|5,15,True,1,False
175,-3.492001575431363,-6.788675081600679,-1,4|5,15,True,0,False
176,-3.616996593267508,-7.005184308924001,-1,4|5,15,True,0,False
177,-3.7419916111036526,-7.221693536247323,-1,4|5,15,True,0,False
178,-3.866986628939797,-7.4382027635706445,-1,4|5,14,True,0,False
179,-3.9919816467759413,-7.654711990893966,-1,4|5,11,True,0,False
180,4.054566343561484,-7.393132373602506,-1,4|12,10,True,0,False
181,3.9295713257253393,-7.609641600925828,-1,4|12,13,True,0,False
182,3.804576307889194,-7.82615082824915,-1,4|12,13,True,0,False
183,3.67958129005305,-8.042660055572473,-1,4|12,13,True,0,False
184,3.554586272216905,-8.259169282895794,-1,4|12,13,True,0,False
185,3.4295912543807607,-8.475678510219117,-1,4|12,13,True,0,False
186,3.304596236544616,-8.692187737542438,-1,4|12,13,True,0,False
187,3.1796012187084717,-8.90869696486576,-1,4|12,13,True,0,False
188,3.054606200872327,-9.125206192189081,-1,4|12,13,True,0,False
189,2.929611183036182,-9.341715419512404,-1,4|12,13,True,0,False
190,2.804616165200038,-9.558224646835725,-1,4|12,13,True,0,False
191,2.679621147363893,-9.774733874159049,-1,4|12,13,True,0,False
192,2.5546261295277484,-9.99124310148237,-1,4|12,13,True,0,False
193,2.429631111691604,-10.207752328805691,-1,4|12,13,True,0,False
194,2.3046360938554593,-10.424261556129013,-1,4|12,13,True,0,False
195,2.1796410760193146,-10.640770783452336,-1,4|12,13,True,0,False
196,2.0546460581831703,-10.857280010775657,-1,4|12,11,True,0,False
197,1.9296510403470255,-11.073789238098978,-1,4|12,9,True,3,False
198,-4.054566343561484,-7.393132373602506,-1,4|14,10,True,0,False
199,-3.9295713257253393,-7.609641600925828,-1,4|14,13,True,0,False
200,-3.804576307889194,-7.82615082824915,-1,4|14,13,True,0,False
201,-3.67958129005305,-8.042660055572473,-1,4|14,13,True,0,False
202,-3.554586272216905,-8.259169282895794,-1,4|14,13,True,0,False
203,-3.4295912543807607,-8.475678510219117,-1,4|14,13,True,0,False
204,-3.304596236544616,-8.692187737542438,-1,4|14,13,True,0,False
205,-3.1796012187084717,-8.90869696486576,-1,4|14,13,True,0,False
206,-3.054606200872327,-9.125206192189081,-1,4|14,13,True,0,False
207,-2.929611183036182,-9.341715419512404,-1,4|14,13,True,0,False
208,-2.804616165200038,-9.558224646835725,-1,4|14,13,True,0,False
209,-2.679621147363893,-9.774733874159049,-1,4|14,13,True,0,False
210,-2.5546261295277484,-9.99124310148237,-1,4|14,13,True,0,False
211,-2.429631111691604,-10.207752328805691,-1,4|14,13,True,0,False
212,-2.3046360938554593,-10.424261556129013,-1,4|14,13,True,0,False
213,-2.1796410760193146,-10.640770783452336,-1,4|14,13,True,0,False
214,-2.0546460581831703,-10.857280010775657,-1,4|14,11,True,0,False
215,-1.9296510403470255,-11.073789238098978,-1,4|14,9,True,3,False
216,2.1875,10.9971875,-1,R4 1->7 end-a,12,True,10,True
217,1.9375,10.9971875,-1,R4 1->7 end-a,14,True,14,True
218,-2,10.9971875,-1,R4 1->7 end-b,14,True,10,True
219,-2.1875,-10.9971875,-1,R5 4->13 end-a,8,True,2,False
220,-1.9375,-10.9971875,-1,R5 4->13 end-a,9,True,0,False
221,2,-10.9971875,-1,R5 4->13 end-b,9,True,0,False
222,2.12,9.3671875,-1,R4 1->7 side-L,15,True,15,True
223,2.12,9.6171875,-1,R4 1->7 side-L,15,True,15,True
224,2.12,9.8671875,-1,R4 1->7 side-L,15,True,15,True
225,2.12,10.1171875,-1,R4 1->7 side-L,15,True,15,True
226,2.12,10.3671875,-1,R4 1->7 side-L,15,True,15,True
227,2.12,10.6171875,-1,R4 1->7 side-L,15,True,15,True
228,2.12,10.8671875,-1,R4 1->7 side-L,15,True,10,True
229,2.12,11.1171875,-1,R4 1->7 side-L,12,True,10,True
230,2.12,11.3671875,-1,R4 1->7 side-L,6,True,0,False
231,-2.12,9.3671875,-1,R4 1->7 side-R,15,True,15,True
232,-2.12,9.6171875,-1,R4 1->7 side-R,15,True,15,True
233,-2.12,9.8671875,-1,R4 1->7 side-R,15,True,15,True
234,-2.12,10.1171875,-1,R4 1->7 side-R,15,True,15,True
235,-2.12,10.3671875,-1,R4 1->7 side-R,15,True,15,True
236,-2.12,10.6171875,-1,R4 1->7 side-R,15,True,15,True
237,-2.12,10.8671875,-1,R4 1->7 side-R,15,True,10,True
238,-2.12,11.1171875,-1,R4 1->7 side-R,12,True,10,True
239,-2.12,11.3671875,-1,R4 1->7 side-R,6,True,0,False
240,-2.12,-9.3671875,-1,R5 4->13 side-L,15,True,0,False
241,-2.12,-9.6171875,-1,R5 4->13 side-L,15,True,0,False
242,-2.12,-9.8671875,-1,R5 4->13 side-L,15,True,0,False
243,-2.12,-10.1171875,-1,R5 4->13 side-L,15,True,0,False
244,-2.12,-10.3671875,-1,R5 4->13 side-L,14,True,0,False
245,-2.12,-10.6171875,-1,R5 4->13 side-L,13,True,0,False
246,-2.12,-10.8671875,-1,R5 4->13 side-L,11,True,0,False
247,-2.12,-11.1171875,-1,R5 4->13 side-L,8,True,2,False
248,-2.12,-11.3671875,-1,R5 4->13 side-L,6,True,2,False
249,2.12,-9.3671875,-1,R5 4->13 side-R,15,True,0,False
250,2.12,-9.6171875,-1,R5 4->13 side-R,15,True,0,False
251,2.12,-9.8671875,-1,R5 4->13 side-R,15,True,0,False
252,2.12,-10.1171875,-1,R5 4->13 side-R,15,True,0,False
253,2.12,-10.3671875,-1,R5 4->13 side-R,14,True,0,False
254,2.12,-10.6171875,-1,R5 4->13 side-R,13,True,0,False
255,2.12,-10.8671875,-1,R5 4->13 side-R,11,True,0,False
256,2.12,-11.1171875,-1,R5 4->13 side-R,8,True,2,False
257,2.12,-11.3671875,-1,R5 4->13 side-R,6,True,2,False
